Script Name,Lot/Quantity,TargetPer,TrailCandleCount,ReEntryCount,Account,StartTime,CandleDuration
SILVER21DECFUT,1,4,0,2,7MPF17777,14:00,180
SILVER21DECFUT,1,4,0,2,7MPF16073,14:00,180
SILVER21DECFUT,1,4,0,2,7MPF20869,14:00,180
SILVER21DECFUT,1,4,0,2,7MPF17760,14:00,180
SILVER21DECFUT,1,4,0,2,7MPF20012,14:00,180
SILVER21DECFUT,1,4,0,2,7MPF785,14:00,180
SILVER21DECFUT,1,4,0,2,7MPF17501,14:00,180
GOLDM21OCTFUT,1,5,0,2,7MPF17777,14:00,180
GOLDM21OCTFUT,1,5,0,2,7MPF16073,14:00,180
GOLDM21OCTFUT,1,5,0,2,7MPF20869,14:00,180
GOLDM21OCTFUT,1,5,0,2,7MPF17760,14:00,180
GOLDM21OCTFUT,1,5,0,2,7MPF20012,14:00,180
GOLDM21OCTFUT,1,5,0,2,7MPF785,14:00,180
GOLDM21OCTFUT,1,5,0,2,7MPF17501,14:00,180
CRUDEOIL21SEPFUT,1,4,0,2,7MPF16073,16:00,60
CRUDEOIL21SEPFUT,1,4,0,2,7MPF20012,16:00,60
CRUDEOIL21SEPFUT,1,4,0,2,7MPF22041,16:00,60
CRUDEOIL21SEPFUT,1,4,0,2,7MPF17501,16:00,60